01, 79998880022, 79997779911, 2025-04-30T18:32:00, 2025-04-30T19:29:00
02, 79997779911, 79998880022, 2025-04-30T18:32:00, 2025-04-30T19:29:00
01, 79996668800, 79992223355, 2025-04-30T19:07:00, 2025-04-30T19:30:00
02, 79992223355, 79996668800, 2025-04-30T19:07:00, 2025-04-30T19:30:00
02, 79901113366, 79991112244, 2025-04-30T19:54:00, 2025-04-30T20:42:00
01, 79991112244, 79901113366, 2025-04-30T19:54:00, 2025-04-30T20:42:00
01, 79901113366, 79907778800, 2025-04-30T19:54:00, 2025-04-30T20:01:00
02, 79907778800, 79901113366, 2025-04-30T19:54:00, 2025-04-30T20:01:00
01, 79905557700, 79900001144, 2025-04-30T19:54:00, 2025-04-30T20:44:00
02, 79900001144, 79905557700, 2025-04-30T19:54:00, 2025-04-30T20:44:00
